question_id,feature1,feature2,difficulty_level
1,0.43873,28.24169,1
2,0.34642,29.45704,2
3,0.23123,25.69162,2
4,0.47605,22.06717,1
5,0.27824,30.35878,2
6,0.51377,23.88767,1
7,0.12487,28.61736,2
8,0.16788,32.01416,2
9,0.58457,19.69888,0
10,0.69017,20.56902,0
11,0.14553,30.76650,2
12,0.21143,25.76896,2
13,0.11632,31.55101,1
14,0.22691,26.05872,2
15,0.51778,20.88091,1
16,0.21331,28.16924,2
17,0.24603,27.04357,2
18,0.36478,25.51145,1
19,0.38343,30.78912,1
20,0.42256,24.01721,1
21,0.65247,21.46988,1
22,0.29235,30.73567,1
23,0.42629,31.78846,1
24,0.04916,28.72718,2
25,0.41931,28.14380,1
26,0.05282,31.36778,2
27,0.85922,21.79248,0
28,0.42349,24.39013,1
29,0.33766,26.74872,1
30,0.18058,28.97568,2
31,0.28022,30.32583,1
32,0.85581,17.57423,0
33,0.39420,26.92912,1
34,0.19947,24.11695,2
35,0.18370,24.40737,1
36,0.30600,28.51677,0
37,0.19298,27.81165,2
38,0.11861,28.90116,2
39,0.29350,24.01830,1
40,0.25005,26.13466,2
41,0.06079,31.70247,2
42,0.21178,32.50628,2
43,0.22623,32.97023,2
44,0.49560,23.57641,1
45,0.50318,22.90154,0
46,0.30289,28.50847,2
47,0.16210,27.21333,1
48,0.15329,29.03772,2
49,0.26372,28.75672,1
50,0.33207,27.36768,1
51,0.46925,29.84729,1
52,0.11935,28.91573,2
53,0.30221,25.04403,2
54,0.05435,31.84603,2
55,0.34855,31.08305,2
56,0.09005,33.01637,2
57,0.08905,30.68935,2
58,0.12523,30.86806,2
59,0.46922,26.53440,1
60,0.28687,28.53458,1
61,0.50296,26.41648,1
62,0.22378,29.68103,2
63,0.11310,32.45378,2
64,0.49422,25.18549,1
65,0.09737,30.52857,2
66,0.06943,29.29801,2
67,0.04934,28.39927,2
68,0.10020,29.24719,2
69,0.23250,27.72658,2
70,0.30085,27.44876,1
71,0.10727,31.33370,1
72,0.26964,27.69286,2
73,0.18810,30.00063,2
74,0.51897,24.31604,1
75,0.33642,26.55604,1
76,0.78095,23.90294,0
77,0.38376,27.08319,1
78,0.27530,26.97328,2
79,0.17911,28.38444,2
80,0.15812,24.26645,1
81,0.10696,29.37503,1
82,0.29780,28.04799,2
83,0.42181,24.29431,1
84,0.07881,31.56696,2
85,0.16353,27.91481,2
86,0.08150,31.66621,1
87,0.34267,27.73423,1
88,0.73308,18.51028,1
89,0.31096,23.13859,2
90,0.41135,25.36828,1
91,0.22368,30.08267,2
92,0.61826,21.21879,1
93,0.32870,23.41080,1
94,0.42638,27.24290,1
95,0.03263,29.73713,2
96,0.38058,24.28149,0
97,0.39007,26.23200,1
98,0.07795,34.11384,2
99,0.36016,29.58082,2
100,0.09611,31.32187,2
101,0.29121,25.68793,2
102,0.12030,24.74847,2
103,0.10318,29.51556,2
104,0.23365,29.50783,2
105,0.53657,20.43627,2
106,0.26685,29.97373,1
107,0.33232,27.05758,2
108,0.38078,30.04960,2
109,0.66006,20.00769,0
110,0.28853,23.67737,1
111,0.26836,27.11802,2
112,0.15378,27.23299,2
113,0.22305,26.74403,2
114,0.32799,29.36952,1
115,0.26576,25.97804,2
116,0.27218,27.33069,2
117,0.17099,26.39743,2
118,0.45547,22.23995,1
119,0.49569,20.98896,2
120,0.06023,29.92374,2
121,0.20359,27.46072,1
122,0.16119,28.92425,2
123,0.01873,31.64032,2
124,0.10217,31.18655,2
125,0.13418,31.92432,2
126,0.27746,31.53728,2
127,0.15433,26.00430,2
128,0.24312,29.38442,2
129,0.47751,25.16356,1
130,0.04500,28.89753,2
131,0.59641,22.44694,1
132,0.15942,29.66660,2
133,0.37800,23.23938,1
134,0.14902,27.66013,2
135,0.20204,26.94803,2
136,0.08831,30.23550,2
137,0.27469,22.70646,1
138,0.43860,25.12793,1
139,0.40275,25.52125,1
140,0.11419,32.07508,2
141,0.06540,30.59767,2
142,0.14905,28.22924,2
143,0.35960,21.16880,1
144,0.09924,27.05084,2
145,0.08361,29.79540,2
146,0.19834,29.15628,2
147,0.24547,26.20755,1
148,0.13627,32.77124,2
149,0.19825,28.41798,2
150,0.25015,28.91493,1
151,0.21104,32.88548,2
152,0.09918,27.51642,2
153,0.59643,21.94529,2
154,0.09941,28.60902,2
155,0.36966,25.43741,1
156,0.18033,30.30035,2
157,0.10632,31.37373,1
158,0.09858,30.22750,2
159,0.08763,29.11188,2
160,0.16536,30.41231,1
161,0.48273,25.93290,1
162,0.24145,24.05668,1
163,0.08967,29.18370,2
164,0.11719,29.20989,2
165,0.21102,27.91792,1
166,0.29145,25.83999,1
167,0.26136,30.20001,2
168,0.31332,20.89972,1
169,0.60893,26.37354,2
170,0.09417,26.69203,2
171,0.65863,22.83330,0
172,0.23913,26.94733,2
173,0.04489,26.92480,2
174,0.67249,23.27220,0
175,0.48689,26.86694,1
176,0.49285,26.94792,1
177,0.59281,26.54455,0
178,0.55505,22.75338,0
179,0.51256,24.81934,1
180,0.20502,28.72025,2
181,0.74993,19.71337,0
182,0.54734,24.47821,1
183,0.38637,24.69206,1
184,0.49090,24.80479,1
185,0.56214,19.86328,0
186,0.39047,23.95899,1
187,0.45842,25.16839,2
188,0.66725,24.66087,0
189,0.62766,20.75448,0
190,0.40014,26.62348,1
191,0.49362,28.37022,1
192,0.30937,27.23754,1
193,0.34594,23.68334,1
194,0.18432,24.81918,2
195,0.83637,21.55185,0
196,0.53077,21.74650,0
197,0.43296,31.67227,1
198,0.28557,28.67224,2
199,0.65452,24.11916,0
200,0.17502,28.19047,2
201,0.39908,23.02176,1
202,0.45774,23.13440,0
203,0.37697,26.81819,2
204,0.49324,23.67467,1
205,0.33874,28.40298,1
206,0.67875,20.09210,0
207,0.33130,26.58979,1
208,0.19569,28.64563,2
209,0.35052,24.00650,1
210,0.20135,32.15640,2
211,0.40149,24.02132,1
212,0.27629,24.51853,2
213,0.76530,17.43623,0
214,0.82610,20.92335,0
215,0.45380,26.83844,1
216,0.58620,25.56274,0
217,0.32585,25.81280,1
218,0.63064,21.63073,0
219,0.37599,23.73186,1
220,0.26722,25.88377,2
221,0.27600,27.29135,2
222,0.21209,26.48564,2
223,0.63594,22.27490,0
224,0.60671,21.82814,0
225,0.17995,29.97415,2
226,0.44622,23.32042,1
227,0.15652,27.83834,0
228,0.38195,27.89075,1
229,0.26743,29.06431,1
230,0.42368,26.22894,1
231,0.37142,26.96906,1
232,0.41116,24.59234,1
233,0.48107,23.20526,1
234,0.33072,23.42072,0
235,0.18773,28.69492,2
236,0.57664,20.59230,0
237,0.14851,27.84735,1
238,0.36278,27.57617,1
239,0.24648,24.72541,2
240,0.43945,21.99840,0
241,0.27759,27.65624,2
242,0.10998,30.43961,2
243,0.72691,24.03180,2
244,0.34535,24.19331,1
245,0.43569,23.76483,1
246,0.17814,26.58108,2
247,0.15136,29.06291,2
248,0.29495,29.99582,2
249,0.75185,23.98175,1
250,0.10142,32.99269,2
251,0.00295,29.07862,2
252,0.49072,27.56386,1
253,0.08053,30.40650,2
254,0.56726,24.44679,1
255,0.22529,30.30299,2
256,0.13897,33.83821,2
257,0.56536,23.98383,1
258,0.15203,31.80925,2
259,0.26334,26.71342,2
260,0.72459,22.00360,1
261,0.49510,26.96921,0
262,0.33815,26.96864,1
263,0.31081,28.69177,1
264,0.50717,21.46193,0
265,0.52837,25.22093,1
266,0.64568,23.23719,0
267,0.53156,21.09934,0
268,0.52665,24.33032,2
269,0.36007,25.96309,1
270,0.38608,27.22500,1
271,0.82429,22.99629,0
272,0.60481,24.41343,0
273,0.07846,26.28663,2
274,0.27813,30.98466,2
275,0.45415,25.84859,1
276,0.54717,22.11922,1
277,0.17949,30.23285,1
278,0.50947,25.49501,1
279,0.22762,34.92645,2
280,0.44674,25.17893,1
281,0.52883,26.59807,1
282,0.57723,23.74445,1
283,0.51918,23.25545,0
284,0.40552,28.33656,2
285,0.20042,31.64790,2
286,0.37684,24.28272,1
287,0.60333,26.01161,1
288,0.64391,24.81030,0
289,0.45662,25.78947,1
290,0.56511,24.44972,1
291,0.72953,20.96721,0
292,0.35371,25.13933,1
293,0.39593,24.71054,1
294,0.55179,27.33602,0
295,0.79016,24.46395,0
296,0.44890,23.51087,1
297,0.43123,29.75711,2
298,0.04947,31.18326,2
299,0.09162,26.21083,0
300,0.48969,23.17215,1
301,0.12780,26.70524,2
302,0.64882,21.13386,0
303,0.37352,28.71010,2
304,0.20570,26.39161,2
305,0.09915,30.72754,2
306,0.57126,20.85721,0
307,0.41569,28.37946,1
308,0.62796,30.89724,1
309,0.19856,28.50597,1
310,0.52227,27.66243,1
311,0.61818,19.17914,0
312,0.58261,26.34291,1
313,0.54443,25.50088,1
314,0.11115,30.30323,2
315,0.33798,26.35703,1
316,0.02245,33.84267,1
317,0.35068,24.33976,1
318,0.48067,28.77577,1
319,0.38238,28.92584,1
320,0.65848,24.05573,1
321,0.47721,29.39176,1
322,0.40090,24.97034,1
323,0.28803,22.17679,1
324,0.64971,20.33223,0
325,0.78867,24.92545,0
326,0.50870,28.02141,1
327,0.67367,24.63233,0
328,0.41665,24.69289,1
329,0.20964,29.27884,2
330,0.66507,25.23784,1
331,0.33384,25.47689,1
332,0.47044,27.71082,1
333,0.65943,20.48692,0
334,0.51402,21.58993,1
335,0.62796,27.27330,1
336,0.58936,21.56278,0
337,0.48199,23.91042,0
338,0.46225,25.97155,1
339,0.30983,24.73418,1
340,0.54971,23.11485,2
341,0.40953,25.53436,1
342,0.77673,22.98179,0
343,0.31774,27.42795,1
344,0.68960,23.67335,1
345,0.74486,19.92642,0
346,0.52686,28.00271,1
347,0.51300,26.22767,1
348,0.20866,27.62281,1
349,0.50407,21.67645,1
350,0.63881,20.65117,1
351,0.50610,27.31713,1
352,0.21539,30.16204,2
353,0.47224,24.02413,1
354,0.45070,24.34649,1
355,0.60862,25.20582,1
356,0.49698,24.52564,1
357,0.41900,28.26707,2
358,0.38862,22.29114,1
359,0.50457,23.47820,1
360,0.22844,27.61457,2
361,0.28688,30.98269,2
362,0.30844,26.37012,1
363,0.34432,26.50631,1
364,0.20985,27.53239,1
365,0.37794,24.51219,1
366,0.35598,26.92282,1
367,0.48646,26.00296,1
368,0.38476,23.81355,1
369,0.47422,21.92902,1
370,0.35198,24.46324,1
371,0.54539,23.86921,1
372,0.02632,29.61649,1
373,0.12061,28.08061,2
374,0.32585,21.84797,1
375,0.51031,24.95613,1
376,0.30722,26.10322,2
377,0.49860,25.54727,1
378,0.34169,23.18447,1
379,0.35777,27.98836,1
380,0.13297,31.45222,2
381,0.52209,18.89878,1
382,0.48291,25.27799,0
383,0.59806,23.88593,0
384,0.18931,33.55923,2
385,0.69104,16.49672,0
386,0.51979,26.85967,0
387,0.70020,22.85701,0
388,0.67079,25.04421,0
389,0.62719,20.72635,0
390,0.41192,23.66392,1
391,0.55183,23.79105,1
392,0.52402,21.83271,0
393,0.53903,22.26454,1
394,0.19489,25.33996,2
395,0.09546,32.23772,2
396,0.22961,29.96044,2
397,0.51862,20.69409,0
398,0.54146,29.58156,1
399,0.31525,26.19665,1
400,0.32044,25.50420,2
401,0.46550,22.99502,1
402,0.25659,28.52587,2
403,0.53358,23.56568,1
404,0.47406,29.67903,1
405,0.36980,26.04736,1
406,0.29904,23.61800,1
407,0.22941,26.44495,2
408,0.88064,18.04007,0
409,0.17396,32.67309,2
410,0.45550,28.45046,0
411,0.24522,25.74127,1
412,0.46751,25.09450,1
413,0.68476,23.17761,0
414,0.24024,25.67335,1
415,0.78613,23.60639,0
416,0.09819,30.89417,2
417,0.10187,27.27584,2
418,0.13091,28.30903,2
419,0.37308,24.60683,1
420,0.55782,24.13053,1
421,0.83001,23.42932,0
422,0.64229,20.28620,0
423,0.24591,25.54281,1
424,0.78099,21.33762,0
425,0.58604,21.78722,0
426,0.91215,20.92111,0
427,0.53373,24.11801,1
428,0.81361,21.83683,0
429,0.37616,24.58138,1
430,0.67753,22.96315,0
431,0.66233,19.66902,0
432,0.61766,21.74739,0
433,0.48186,24.04378,1
434,0.74429,18.45325,0
435,0.60747,18.10240,0
436,0.50264,26.19844,1
437,0.07280,33.05420,2
438,0.68810,22.37448,0
439,0.48041,27.17636,1
440,0.80309,22.14738,0
441,0.72537,22.91363,0
442,0.81324,19.73882,0
443,0.60363,28.41132,0
444,0.84704,19.43717,0
445,0.47803,21.82404,1
446,0.52782,25.30242,1
447,0.11456,29.74307,1
448,0.47603,25.37557,1
449,0.59334,21.22118,0
450,0.79354,23.46030,0
451,0.60992,20.35545,0
452,0.59893,22.01590,0
453,0.37503,23.55657,1
454,0.49008,25.09960,1
455,0.94615,19.03464,0
456,0.66797,24.28545,0
457,0.66969,22.01631,0
458,0.39797,25.43288,1
459,0.17924,26.69979,2
460,0.46850,28.52525,1
461,0.30622,31.97130,2
462,0.74155,16.82390,0
463,0.44905,24.89700,1
464,0.56762,25.66450,1
465,0.32949,23.06663,1
466,0.11208,34.96188,2
467,0.16903,29.01589,2
468,0.20174,31.32885,2
469,0.05667,33.52547,2
470,0.21726,31.39444,2
471,0.06247,29.18789,2
472,0.44145,25.45773,1
473,0.54962,32.25800,1
474,0.48415,24.03019,0
475,0.53359,23.25203,0
476,0.91613,17.99343,1
477,0.85004,19.18296,0
478,0.81009,25.77100,0
479,0.65287,22.88185,1
480,0.78901,22.38218,0
481,0.64459,20.50708,0
482,0.83738,14.70829,0
483,0.73352,21.24453,0
484,0.39305,25.44393,1
485,0.76781,16.35228,0
486,0.75791,22.84795,0
487,0.73370,22.15919,0
488,0.70973,22.17646,0
489,0.91262,16.06048,0
490,0.82005,22.04838,0
491,0.61987,23.73055,0
492,0.74641,20.65463,0
493,0.57866,25.58231,0
494,0.61168,20.44196,0
495,0.53966,18.46891,0
496,0.75623,24.32469,0
497,0.76275,19.19951,0
498,0.71372,21.91654,0
499,0.51965,22.48377,0
500,0.63516,25.14426,0
501,0.77576,16.83395,0
502,0.89760,23.75424,0
503,0.80769,21.18323,0
504,0.52751,21.33349,0
505,0.79461,12.97845,0
506,0.75191,21.66129,0
507,0.61121,22.11664,0
508,0.85425,19.61006,0
509,0.48600,28.30639,1
510,0.39947,17.68584,0
511,0.59106,19.26950,0
512,0.42355,25.08523,1
513,0.59935,21.18990,1
514,0.82659,22.98919,0
515,0.79259,20.40963,0
516,0.74638,15.92687,0
517,0.56960,25.64600,1
518,0.79870,21.67889,0
519,0.68910,22.64950,0
520,0.86168,22.32578,0
521,0.34583,26.24843,1
522,0.72854,23.19486,0
523,0.76256,21.64300,0
524,0.81818,23.20504,0
525,0.78868,22.03743,0
526,0.54245,21.80559,0
527,0.79045,18.70575,0
528,0.79050,21.04470,0
529,0.73106,20.65475,0
530,0.82367,23.01326,1
531,0.64005,25.40140,0
532,0.63768,24.05316,0
533,0.70079,24.63404,0
534,0.87976,17.87170,0
535,0.82336,21.37061,0
536,0.81622,19.87626,0
537,0.90062,19.05625,0
538,0.70950,18.42960,0
539,0.90258,21.20965,0
540,0.21804,32.81471,1
541,0.82294,16.65461,0
542,0.57942,24.02904,1
543,0.57487,25.05265,0
544,0.60002,22.83822,0
545,0.59802,23.30603,0
546,0.70810,23.54053,0
547,0.69665,21.54655,0
548,0.85753,19.27377,0
549,0.78972,24.79705,0
550,0.60571,26.10690,1
551,0.76040,17.26054,0
552,0.68490,23.49261,0
553,0.36322,27.99468,1
554,0.56278,21.72200,1
555,0.67928,22.09762,0
556,0.40811,25.81115,1
557,0.68318,24.95784,0
558,0.75714,22.59566,0
559,0.65920,22.79711,0
560,0.68398,23.99884,0
561,0.69106,25.21998,0
562,0.56689,27.40561,2
563,0.37785,28.01612,1
564,0.56114,25.65655,0
565,0.44874,26.75472,0
566,0.38697,25.52147,2
567,0.49223,24.59802,1
568,0.40521,26.46828,1
569,0.79411,19.77354,0
570,0.62116,24.29618,0
571,0.51828,23.79254,1
572,0.38186,24.35830,1
573,0.59078,26.65205,1
574,0.62524,22.56951,0
575,0.74653,21.86836,0
576,0.87733,19.76454,0
577,0.16688,34.39438,2
578,0.50909,24.62602,0
579,0.85651,16.15485,0
580,0.58655,25.60529,0
581,0.24056,24.50728,1
582,0.36377,25.04727,2
583,0.12146,29.89031,2
584,0.19161,23.92762,2
585,0.58343,28.22640,1
586,0.47970,22.65880,1
587,0.30869,27.23136,2
588,0.22456,28.20849,2
589,0.26024,29.31002,1
590,0.07457,27.77304,2
591,0.38188,27.83068,1
592,0.69609,25.51416,1
593,0.36711,30.89476,1
594,0.80504,17.56984,0
595,0.48724,27.34768,0
596,0.82418,22.25892,0
597,0.68435,17.73594,0
598,0.16341,27.07783,2
599,0.30583,26.09769,1
600,0.06698,27.28005,2
601,0.45477,28.91114,1
602,0.37804,26.58748,1
603,0.26089,28.07155,2
604,0.47459,32.04243,1
605,0.35742,29.24968,1
606,0.42727,23.43796,1
607,0.64471,23.37341,0
608,0.62286,22.83033,0
609,0.75100,19.57633,0
610,0.47897,25.49690,0
611,0.52688,23.13012,1
612,0.45515,23.88462,1
613,0.35224,25.99293,2
614,0.19721,30.78749,2
615,0.11996,32.16496,2
616,0.57150,20.82522,1
617,0.33703,27.11806,1
618,0.34660,26.75901,0
619,0.09139,28.48309,1
620,0.72422,18.44859,0
621,0.47283,26.95064,1
622,0.42199,24.80101,1
623,0.45487,20.51100,0
624,0.58739,21.29225,1
625,0.46229,23.06403,0
626,0.05010,26.27209,2
627,0.62707,25.21053,0
628,0.34505,26.29743,2
629,0.15890,27.77602,2
630,0.25858,31.87500,2
631,0.23541,29.70484,2
632,0.40254,29.61039,1
633,0.15226,30.69960,2
634,0.17390,28.82261,2
635,0.61174,23.43274,0
636,0.58014,25.60061,1
637,0.67600,24.12740,0
638,0.48954,23.31125,1
639,0.32572,25.41256,1
640,0.36842,27.93561,1
641,0.10821,30.21881,2
642,0.35583,26.95031,1
643,0.73144,25.01860,0
644,0.21691,27.55987,1
645,0.14539,32.34724,2
646,0.09471,26.40147,2
647,0.09578,28.91667,2
648,0.64456,23.92091,0
649,0.90129,18.64732,0
650,0.73164,23.46389,0
651,0.80748,19.50264,0
652,0.60132,22.34401,0
653,0.78076,23.66436,1
654,0.68664,24.73125,0
655,0.57926,21.87261,0
656,0.70751,22.52165,0
657,0.40867,23.59478,1
658,0.87172,21.57100,0
659,0.75172,20.74603,0
660,0.50506,26.34441,1
661,0.82972,22.04723,0
662,0.44063,26.88636,1
663,0.35161,24.46923,1
664,0.82537,22.59789,0
665,0.36363,30.18500,2
666,0.84799,21.02171,0
667,0.71332,17.63438,0
668,0.45075,25.02571,1
669,0.57745,27.79298,1
670,0.58653,24.15887,1
671,0.30494,24.25865,1
672,0.68620,25.35429,1
673,0.17874,26.96377,2
674,0.07413,32.86845,2
675,0.47239,26.41059,1
676,0.78077,21.01450,0
677,0.79492,19.73900,0
678,0.84403,17.92311,0
679,0.21855,28.14202,0
680,0.62821,22.98797,0
681,0.54032,25.56317,1
682,0.13672,25.32371,2
683,0.53547,26.96378,1
684,0.68462,26.07380,1
685,0.74075,25.16672,0
686,0.31811,26.73374,2
687,0.22224,26.69927,2
688,0.42629,24.82438,2
689,0.51293,25.14052,1
690,0.14414,25.26683,2
691,0.13489,26.08901,2
692,0.15804,30.53561,2
693,0.76846,20.52487,0
694,0.79694,19.80291,0
695,0.70804,28.40030,1
696,0.45334,31.33493,1
697,0.40318,25.79010,1
698,0.11314,31.26039,2
699,0.60903,26.56676,1
700,0.37780,28.36966,1
701,0.20842,29.45420,2
702,0.72852,28.02800,0
703,0.73769,22.53366,1
704,0.18558,27.23440,2
705,0.32926,27.09291,1
706,0.31819,25.87125,1
707,0.64227,20.77685,0
708,0.59939,21.12062,0
709,0.71668,17.39322,1
710,0.10426,28.94792,2
711,0.38142,27.87338,1
712,0.50039,25.25509,0
713,0.31447,26.57538,1
714,0.27337,26.62908,2
715,0.80564,24.66278,0
716,0.68856,19.92189,0
717,0.69424,18.53540,0
718,0.70371,19.31742,0
719,0.71202,29.83296,1
720,0.18828,31.45099,2
721,0.23189,35.15662,2
722,0.17828,28.70681,2
723,0.21522,28.73114,2
724,0.18586,28.96370,2
725,0.57953,22.30192,0
726,0.08402,28.32012,2
727,0.12609,24.28348,2
728,0.10559,28.36418,2
729,0.19721,29.03073,2
730,0.65463,23.74793,2
731,0.10026,29.07852,2
732,0.55215,24.38702,0
733,0.41362,29.60294,1
734,0.14176,28.84428,2
735,0.30212,26.60055,2
736,0.67932,20.68788,0
737,0.30039,29.38225,2
738,0.28714,29.69650,2
739,0.76021,21.51143,1
740,0.34580,27.34188,1
741,0.56896,23.75697,1
742,0.31959,27.05439,1
743,0.06945,27.71787,2
744,0.88403,17.66861,0
745,0.38443,28.78960,2
746,0.15496,29.11297,2
747,0.89248,25.48559,0
748,0.80015,20.52784,0
749,0.29649,26.69904,1
750,0.74209,24.13496,0
751,0.74725,24.99243,0
752,0.90482,19.87772,0
753,0.12860,33.00425,2
754,0.81290,24.56254,0
755,0.71730,21.60547,0
756,0.63186,29.68457,0
757,0.35817,27.84674,0
758,0.40129,26.33343,1
759,0.16112,28.44234,1
760,0.31925,30.33550,2
761,0.50847,23.68261,1
762,0.29141,29.07470,2
763,0.39346,32.25021,1
764,0.10248,31.21298,2
765,0.07989,27.60305,2
766,0.12699,27.65189,2
767,0.41484,28.93477,0
768,0.60367,31.46549,1
769,0.39997,28.22889,1
770,0.15724,28.48868,2
771,0.51494,23.60419,0
772,0.41044,26.34262,1
773,0.21005,28.72763,2
774,0.58546,24.58844,1
775,0.46999,24.53539,1
776,0.66877,23.19967,0
777,0.62984,19.09369,0
778,0.39481,23.83371,1
779,0.22826,25.99653,0
780,0.54851,20.05439,0
781,0.53372,24.78774,1
782,0.64867,27.53139,1
783,0.86801,16.95172,0
784,0.37696,28.47688,1
785,0.56191,24.80402,1
786,0.68542,24.70744,0
787,0.12568,30.26648,2
788,0.68333,26.91030,1
789,0.73352,23.84613,1
790,0.13813,31.11675,2
791,0.46577,30.10405,1
792,0.39323,29.93898,2
793,0.23427,26.92888,1
794,0.10665,30.64847,2
795,0.25809,29.14020,2
796,0.17174,30.84693,2
797,0.41019,25.10681,1
798,0.27488,28.40997,2
799,0.55445,23.10841,0
800,0.43609,29.98050,1
801,0.33320,28.90450,2
802,0.27431,30.67333,2
803,0.51802,32.30822,1
804,0.25190,30.65974,2
805,0.40013,20.92589,1
806,0.37435,27.31979,1
807,0.83735,14.76938,1
808,0.53240,25.69709,1
809,0.41749,30.87731,1
810,0.68940,25.32668,1
811,0.38132,26.80497,1
812,0.08612,32.80118,2
813,0.05825,25.48852,2
814,0.09719,28.59824,1
815,0.43784,24.42733,1
816,0.18479,28.23657,2
817,0.81649,23.20370,0
818,0.21741,28.92831,0
819,0.54111,24.99502,1
820,0.24067,27.17110,2
821,0.39141,28.81562,1
822,0.29910,29.95824,2
823,0.33539,27.50512,2
824,0.54399,28.73176,2
825,0.37749,22.49371,0
826,0.65248,23.90256,1
827,0.20230,30.08701,1
828,0.45443,27.24789,1
829,0.39286,25.34234,1
830,0.37866,26.64191,1
831,0.08483,30.17787,2
832,0.51458,23.24203,1
833,0.42190,27.84784,1
834,0.40726,26.14693,1
835,0.66075,24.84491,0
836,0.51776,28.45339,1
837,0.48077,24.71757,1
838,0.19046,30.95589,2
839,0.66937,28.27249,0
840,0.54134,24.09240,0
841,0.41138,24.92669,0
842,0.53384,24.83436,0
843,0.66463,24.26035,0
844,0.73138,21.85408,0
845,0.80740,19.39940,0
846,0.50633,26.57686,1
847,0.94501,17.22076,0
848,0.89030,18.30958,0
849,0.71991,21.48209,0
850,0.95067,15.93340,0
851,0.82894,23.03880,0
852,0.76970,23.38463,0
853,0.80674,15.75054,0
854,0.84849,22.57212,0
855,0.89887,21.29240,0
856,0.91345,19.68459,0
857,0.25890,26.92305,1
858,0.86165,24.37797,0
859,0.85831,18.87070,0
860,0.94864,19.31930,0
861,0.66896,21.14443,1
862,0.69125,24.90802,0
863,0.79385,15.61578,0
864,0.40164,29.80519,1
865,0.41318,31.10354,2
866,0.42274,27.75299,1
867,0.01972,29.66192,1
868,0.54391,26.63349,2
869,0.49028,24.24691,1
870,0.81312,20.56017,0
871,0.71289,24.35409,0
872,0.55174,29.82633,1
873,0.34178,28.58101,2
874,0.91044,13.89152,0
875,0.61603,23.31419,1
876,0.58098,24.98521,1
877,0.69543,21.63232,0
878,0.24070,26.86385,0
879,0.41327,29.24800,1
880,0.87341,19.77747,0
881,0.75173,24.47832,0
882,0.26207,31.35235,2
883,0.27883,21.16872,1
884,0.59875,21.92774,0
885,0.62076,21.11042,0
886,0.62845,26.83997,1
887,0.16043,29.48269,2
888,0.32305,27.32365,1
889,0.75486,24.90601,0
890,0.57001,24.13525,0
891,0.46058,26.87784,1
892,0.53386,25.93294,1
893,0.43595,25.44029,1
894,0.55491,26.23437,1
895,0.30396,30.91872,1
896,0.62055,27.99928,1
897,0.35441,30.50707,1
898,0.22298,28.06070,2
899,0.04678,27.09006,2
900,0.55359,26.84792,0
901,0.43138,28.45172,1
902,0.47510,25.52976,1
903,0.68520,22.97446,0
904,0.63410,25.46381,0
905,0.82468,21.92756,0
906,0.47773,26.97805,0
907,0.85111,23.31157,1
908,0.19883,29.04737,2
909,0.17900,32.28792,2
910,0.57575,25.92490,1
911,0.61225,26.66233,1
912,0.48738,27.77029,1
913,0.74274,18.96398,0
914,0.39991,28.76602,1
915,0.65371,25.69963,0
916,0.70090,21.69027,0
917,0.64039,21.97473,0
918,0.31910,24.42970,1
919,0.19498,31.48290,2
920,0.23868,32.88572,2
921,0.26111,30.04909,2
922,0.12679,29.58796,2
923,0.61350,24.39984,1
924,0.19699,30.10388,2
925,0.41758,25.63568,1
926,0.55754,27.76848,1
927,0.41175,25.12034,1
928,0.15643,25.48541,2
929,0.25276,25.15061,2
930,0.50603,24.45870,1
931,0.39184,26.41656,1
932,0.19479,25.36105,2
933,0.26853,24.75831,1
934,0.49174,28.50366,1
935,0.82961,20.30515,0
936,0.25487,26.28750,1
937,0.23336,29.78551,1
938,0.79579,28.92138,0
939,0.55802,24.32962,0
940,0.61094,22.48265,2
941,0.72570,23.26383,1
942,0.49053,25.07426,1
943,0.64328,23.93377,1
944,0.56711,26.65184,1
945,0.61819,27.18704,1
946,0.48749,30.72779,1
947,0.40801,24.68970,1
948,0.38726,21.82345,1
949,0.11746,27.70893,0
950,0.09280,28.19275,2
951,0.46465,26.50867,1
952,0.23405,29.19589,2
953,0.63304,25.44282,1
954,0.45683,27.60429,1
955,0.18798,29.37825,2
956,0.16934,29.69264,2
957,0.69771,25.36185,0
958,0.47072,27.89850,1
959,0.89926,17.98285,1
960,0.47964,28.46979,1
961,0.12250,28.54085,1
962,0.43583,28.48216,1
963,0.59377,25.42774,1
964,0.77738,20.86538,0
965,0.40426,28.31909,1
966,0.74503,25.54909,0
967,0.48235,23.27805,1
968,0.13259,26.66028,2
969,0.45569,25.98759,1
970,0.70319,25.38447,0
971,0.67913,22.97486,1
972,0.07605,29.60469,2
973,0.07928,29.07479,2
974,0.32070,28.16970,1
975,0.73288,21.41981,0
976,0.54029,25.99066,0
977,0.28748,28.73556,2
978,0.88117,20.04036,0
979,0.45387,24.13170,0
980,0.74506,24.45189,0
981,0.40697,28.13900,2
982,0.79357,20.96067,0
983,0.87253,15.89282,0
984,0.78312,24.03346,0
985,0.92724,18.98408,0
986,0.93521,19.03627,0
987,0.68084,21.40503,0
988,0.21164,27.50315,1
989,0.50461,25.43944,1
990,0.39357,27.42653,2
991,0.13609,26.94685,2
992,0.44678,26.25090,1
993,0.19203,31.37675,2
994,0.14197,28.79150,2
995,0.14571,32.39708,2
996,0.11900,30.62110,2
997,0.07435,31.35463,2
998,0.10638,31.15662,2
999,0.15586,31.76010,2
1000,0.05835,33.56046,2
1001,0.14130,31.16310,2
1002,0.09702,26.95319,2
1003,0.02406,26.49962,2
1004,0.18708,29.69755,2
1005,0.14450,32.22197,2
1006,0.06286,28.47386,2
1007,0.37133,26.48970,1
1008,0.50277,24.48990,0
1009,0.15545,26.79908,0
1010,0.77787,24.84494,0
1011,0.12976,29.10029,2
1012,0.08447,28.28054,2
1013,0.12167,32.30074,2
1014,0.37960,27.10764,2
1015,0.35699,28.38496,1
1016,0.74599,22.61601,0
1017,0.86582,23.19750,0
1018,0.25857,25.17247,0
1019,0.21528,28.96391,0
1020,0.16331,29.46919,2
1021,0.37750,29.23382,2
1022,0.11799,32.27804,2
1023,0.07499,30.77333,2
1024,0.11923,31.84746,2
1025,0.37739,26.74696,1
1026,0.43871,24.18542,1
1027,0.18365,26.93446,2
1028,0.25145,30.50338,2
1029,0.23897,27.04591,2
1030,0.52905,25.86426,1
1031,0.30845,28.82658,2
1032,0.42910,26.44638,1
1033,0.34676,30.25566,2
1034,0.33375,26.75772,1
1035,0.12427,28.76469,2
1036,0.24838,26.93140,2
1037,0.12809,29.21034,2
1038,0.36388,27.02899,1
1039,0.54017,29.21993,1
1040,0.66546,23.86688,0
1041,0.12587,31.80497,2
1042,0.15135,30.71983,2
1043,0.07856,29.93521,2
1044,0.13241,29.91108,2
1045,0.13757,27.11204,2
1046,0.22212,26.79384,0
1047,0.32910,28.35857,2
1048,0.37994,26.54738,1
1049,0.68205,26.22893,1
1050,0.84771,27.13696,0
1051,0.63899,26.43206,0
1052,0.26988,26.29399,2
1053,0.79957,17.84389,0
1054,0.53464,21.57118,0
1055,0.60534,22.58642,0
1056,0.63674,19.77964,1
1057,0.67331,21.55348,0
1058,0.24596,29.64967,1
1059,0.37294,29.57669,1
1060,0.04771,32.41679,2
1061,0.13287,29.87521,2
1062,0.48741,27.67883,1
1063,0.59839,22.55445,0
1064,0.67330,16.57510,0
1065,0.36299,26.18792,1
1066,0.73767,21.97560,0
1067,0.71023,24.73561,1
1068,0.74236,23.57747,0
1069,0.81821,19.13862,0
1070,0.91202,29.49356,0
1071,0.88795,17.69419,0
1072,0.52026,27.62988,1
1073,0.40417,25.07175,1
1074,0.70547,21.95659,0
1075,0.54462,23.88499,0
1076,0.70227,23.99980,1
1077,0.39554,24.24136,1
1078,0.51871,29.10389,1
1079,0.34690,26.29169,1
1080,0.60375,25.40854,0
1081,0.83415,22.15116,0
1082,0.48082,26.62082,1
1083,0.61397,21.65985,0
1084,0.69884,23.76633,0
1085,0.44942,28.11011,1
1086,0.15494,26.38099,1
1087,0.50661,20.77738,0
1088,0.67038,27.74948,0
1089,0.83159,18.02527,0
1090,0.74563,20.85138,0
1091,0.72849,25.45775,0
1092,0.24599,29.98894,1
1093,0.42923,30.05569,1
1094,0.45211,24.68083,1
1095,0.60832,26.51621,0
1096,0.14879,26.66351,2
1097,0.55968,23.17961,1
1098,0.63710,24.83702,0
1099,0.41287,27.90675,1
1100,0.14800,30.80388,2
1101,0.60241,27.00268,1
1102,0.58298,22.71234,1
1103,0.80727,22.78456,0
1104,0.48898,25.45286,1
1105,0.45749,21.62070,1
1106,0.09802,29.46361,2
1107,0.85566,14.28888,0
1108,0.64374,29.06190,0
1109,0.70084,24.28037,1
1110,0.37405,29.59654,1
1111,0.45904,24.54749,1
1112,0.45852,25.03720,1
1113,0.59088,26.85569,1
1114,0.58333,24.48241,1
1115,0.52628,24.06850,1
1116,0.20797,27.22056,2
1117,0.29192,26.81198,1
1118,0.93740,21.67094,0
1119,0.22193,28.11686,2
1120,0.15929,30.81434,2
1121,0.61898,21.76572,0
1122,0.68003,25.76819,0
1123,0.56395,25.29826,1
1124,0.42195,27.17964,1
1125,0.70589,23.88208,0
1126,0.49871,23.08415,1
1127,0.33536,30.81104,2
1128,0.32133,26.21086,2
1129,0.78666,20.46227,0
1130,0.16148,34.69773,2
1131,0.75983,18.87563,0
1132,0.13310,29.13670,2
1133,0.40220,25.17055,1
1134,0.56013,27.48579,2
1135,0.37472,29.52898,1
1136,0.52417,25.14631,1
1137,0.61904,29.52172,1
1138,0.11169,31.45454,1
1139,0.45255,24.60598,1
1140,0.48189,22.49557,1
1141,0.19947,27.75492,2
1142,0.49948,28.48261,1
1143,0.42461,22.79512,1
1144,0.24310,26.99784,2
1145,0.79871,25.96424,1
1146,0.08571,30.39541,2
1147,0.28788,28.65769,2
1148,0.21888,30.05565,2
1149,0.55426,27.37235,1
1150,0.22317,26.60670,0
1151,0.47774,21.90749,1
1152,0.23650,25.97829,1
1153,0.36528,26.51868,1
1154,0.34497,22.57442,1
1155,0.58211,22.67479,0
1156,0.34865,23.43065,1
1157,0.22496,31.18487,2
1158,0.45491,25.14972,1
1159,0.21094,31.93945,2
1160,0.55611,29.24368,1
1161,0.07498,27.86854,2
1162,0.54986,32.54378,1
1163,0.37493,25.23774,1
1164,0.15564,30.46864,2
1165,0.59721,27.44278,1
1166,0.18506,29.31391,2
1167,0.51056,30.59915,1
1168,0.08615,29.38291,2
1169,0.20585,26.67961,2
1170,0.33960,27.54409,1
1171,0.08698,30.08750,2
1172,0.23349,30.29604,2
1173,0.14601,31.11088,2
1174,0.06922,30.00780,2
1175,0.17410,27.37923,2
1176,0.30910,31.40574,2
1177,0.53435,26.35773,1
1178,0.55145,25.97718,0
1179,0.40480,22.11726,1
1180,0.07034,33.10562,2
1181,0.44987,25.23826,1
1182,0.06890,32.66985,2
1183,0.07375,29.26706,2
1184,0.08222,32.48877,2
1185,0.24061,24.42711,1
1186,0.78159,20.73078,0
1187,0.53758,28.12361,1
1188,0.66272,25.86496,0
1189,0.27637,27.79456,1
1190,0.25059,30.93444,2
1191,0.68811,20.14522,0
1192,0.58508,22.19778,0
1193,0.13378,27.42362,2
1194,0.57847,24.63904,1
1195,0.52580,23.38551,1
1196,0.27346,34.03038,2
1197,0.40116,30.33169,1
1198,0.44998,29.88843,1
1199,0.35465,22.02148,1
1200,0.40271,24.82924,1
1201,0.16699,27.26561,2
1202,0.29984,28.54195,2
1203,0.06150,30.57074,2
1204,0.29573,26.90204,2
1205,0.36877,22.85665,2
1206,0.33324,29.12773,2
1207,0.46884,24.75939,1
1208,0.44248,27.57774,1
1209,0.72246,23.54497,0
1210,0.50234,22.69309,1
1211,0.46558,25.51784,1
1212,0.65234,21.02427,0
1213,0.74895,16.55145,0
1214,0.72198,21.78606,0
1215,0.81753,19.75101,0
1216,0.20644,25.30073,0
1217,0.50297,26.16248,1
1218,0.71859,23.75122,0
1219,0.39164,25.07881,1
1220,0.23745,22.61864,1
1221,0.70440,19.45661,0
1222,0.41297,25.68773,0
1223,0.67515,27.49588,1
1224,0.58575,23.65289,0
1225,0.64337,25.21940,0
1226,0.85252,20.26339,0
1227,0.63703,22.42431,0
1228,0.37393,26.97320,0
1229,0.33994,29.06669,2
1230,0.59755,21.05605,0
1231,0.19588,25.14758,2
1232,0.77472,19.88680,0
1233,0.47417,26.24922,0
1234,0.12885,31.21841,2
1235,0.09521,31.62237,2
1236,0.63877,19.81813,1
1237,0.28162,24.28021,0
1238,0.38021,30.28834,2
1239,0.21208,32.34059,2
1240,0.45872,23.38050,1
1241,0.51998,26.40902,0
1242,0.38885,26.42206,1
1243,0.69636,22.95285,0
1244,0.58021,26.93677,0
1245,0.79106,22.86251,0
1246,0.75300,19.50122,0
1247,0.79573,22.58637,0
1248,0.51008,25.95018,1
1249,0.10905,28.71352,2
1250,0.83831,19.07690,0
1251,0.74517,22.24750,0
1252,0.69028,23.17292,0
1253,0.65452,23.61094,0
1254,0.53428,24.61671,1
1255,0.41954,26.12216,1
1256,0.30766,27.22048,2
1257,0.22289,29.59727,2
1258,0.73916,22.23741,1
1259,0.70814,24.72374,0
1260,0.13950,23.54146,2
1261,0.27800,27.30148,2
1262,0.24423,24.24822,0
1263,0.36624,29.84745,2
1264,0.32488,23.84695,0
1265,0.19633,27.25415,2
1266,0.32084,23.77297,1
1267,0.61940,17.26852,0
1268,0.34173,26.03984,1
1269,0.24758,26.58332,1
1270,0.56591,21.55347,0
1271,0.23109,26.75724,1
1272,0.32910,29.07970,2
1273,0.30167,28.39959,0
1274,0.61940,17.48449,0
1275,0.50683,22.24875,2
1276,0.39279,23.58930,0
1277,0.40616,26.98464,1
1278,0.42649,23.90813,1
1279,0.48769,24.59705,1
1280,0.21916,26.79738,2
1281,0.88497,20.24060,0
1282,0.30668,30.90917,2
1283,0.39064,27.55511,1
1284,0.81556,21.61449,0
1285,0.51064,26.30526,1
1286,0.76333,18.67369,0
1287,0.71308,16.93054,0
1288,0.35962,24.18538,2
1289,0.32626,26.33503,2
1290,0.22187,30.80000,2
1291,0.39685,26.68456,1
1292,0.31165,25.44821,1
1293,0.19616,27.96775,2
1294,0.67591,22.00188,0
1295,0.60147,25.96206,1
1296,0.24196,28.87141,0
1297,0.19111,29.70090,2
1298,0.27542,27.58719,2
1299,0.29690,28.03786,1
1300,0.10390,29.36877,2
1301,0.54489,27.35925,1
1302,0.32046,30.55812,1
1303,0.37489,26.06485,1
1304,0.50971,26.52714,2
1305,0.49745,26.10343,0
1306,0.78812,24.70630,0
1307,0.33846,24.67572,1
1308,0.41771,30.52435,2
1309,0.54064,30.62626,1
1310,0.69984,22.21830,1
1311,0.26484,29.95707,1
1312,0.44706,25.51691,1
1313,0.51226,26.55264,0
1314,0.45166,23.43423,1
1315,0.21014,27.15422,2
1316,0.41427,23.82701,0
1317,0.49490,23.79896,0
1318,0.28334,26.78651,2
1319,0.48692,31.16626,1
1320,0.48636,25.48774,1
1321,0.47609,25.73162,1
1322,0.40777,28.47420,1
1323,0.40621,23.33953,1
1324,0.64638,19.37604,0
1325,0.60671,26.02207,0
1326,0.51062,26.93037,1
1327,0.32667,23.80609,1
1328,0.37438,28.09938,1
1329,0.43105,31.68002,1
1330,0.22086,32.38227,2
1331,0.32394,25.33102,2
1332,0.12529,29.39716,1
1333,0.43230,19.60131,1
1334,0.25573,29.95248,2
1335,0.34182,23.60038,0
1336,0.57953,22.04685,0
1337,0.42220,22.79741,0
1338,0.29085,21.73749,1
1339,0.16482,28.12721,2
1340,0.20298,25.79218,1
1341,0.45844,26.17699,0
1342,0.50010,23.63660,1
1343,0.52150,21.36230,1
1344,0.31046,30.03451,2
1345,0.50494,22.52395,2
1346,0.19365,31.37727,2
1347,0.56838,23.51955,0
1348,0.60667,25.05750,0
1349,0.43638,27.34087,1
1350,0.79944,24.56061,0
1351,0.10668,27.65776,2
1352,0.18975,27.21126,2
1353,0.26321,25.40452,1
1354,0.24521,28.44429,1
1355,0.61908,20.31344,0
1356,0.23061,29.89372,2
1357,0.42004,25.96608,1
1358,0.60861,23.56648,2
1359,0.39453,24.61530,2
1360,0.14750,29.52905,2
1361,0.24610,26.50191,1
1362,0.47148,23.45594,0
1363,0.47823,22.45268,0
1364,0.75937,19.91842,0
1365,0.22059,28.22182,2
1366,0.47686,24.84432,1
1367,0.25596,29.91541,2
1368,0.24142,27.54512,2
1369,0.28299,29.25861,2
1370,0.29271,30.52212,2
1371,0.37100,22.71173,0
1372,0.21856,26.87217,1
1373,0.23009,23.34591,1
1374,0.25985,28.29780,1
1375,0.48724,22.29861,1
1376,0.15769,28.47582,2
1377,0.38477,23.40595,0
1378,0.66156,26.42853,0
1379,0.07929,28.72516,2
1380,0.56675,23.43412,0
1381,0.20854,29.02239,1
1382,0.32135,28.77455,2
1383,0.47326,19.72171,0
1384,0.36154,22.41296,1
1385,0.35797,29.52516,2
1386,0.34537,28.11994,2
1387,0.29502,25.43600,1
1388,0.46817,27.90871,1
1389,0.27139,32.00573,2
1390,0.42739,24.52677,0
1391,0.20485,28.12227,2
1392,0.20192,30.67367,1
1393,0.43367,25.23400,2
1394,0.22040,26.24431,2
1395,0.86934,18.90914,0
1396,0.79656,20.96662,0
1397,0.59121,25.98023,0
1398,0.41403,26.64250,1
1399,0.42279,29.48017,1
1400,0.23868,21.50188,1
1401,0.53379,21.67552,0
1402,0.30889,22.45852,0
1403,0.47082,25.12628,1
1404,0.42878,27.26821,1
1405,0.25590,28.74953,1
1406,0.39759,27.35155,1
1407,0.17382,33.32884,2
1408,0.45790,25.41459,1
1409,0.50982,24.05977,0
1410,0.18928,32.83215,2
1411,0.21313,26.47760,2
1412,0.40295,23.92963,0
1413,0.16485,32.13714,2
1414,0.84610,15.62106,0
1415,0.33358,27.87881,2
1416,0.35913,25.56256,1
1417,0.80047,21.86892,0
1418,0.43076,21.42228,1
1419,0.57246,24.24276,2
1420,0.34219,27.31445,2
1421,0.65669,19.54311,0
1422,0.20187,25.22340,2
1423,0.35845,26.69381,1
1424,0.25928,26.97965,1
1425,0.47612,20.06039,0
1426,0.07645,28.53614,2
1427,0.54527,21.95103,1
1428,0.59631,26.44849,0
1429,0.29113,28.17323,2
1430,0.54316,27.20640,1
1431,0.71541,21.87167,0
1432,0.34876,25.55825,1
1433,0.50084,27.42370,0
1434,0.81855,19.67092,0
1435,0.31420,24.99196,1
1436,0.23763,27.13670,2
1437,0.28778,27.80385,2
1438,0.45867,24.17429,1
1439,0.08126,27.73486,2
1440,0.57477,22.48737,1
1441,0.19022,29.92865,2
1442,0.44648,29.37812,0
1443,0.46945,21.67909,1
1444,0.09147,27.91462,1
1445,0.31682,19.38492,0
1446,0.40211,22.75964,2
1447,0.18227,29.11808,1
1448,0.18912,25.63530,1
1449,0.30968,31.22687,2
1450,0.20421,25.86370,2
1451,0.13498,31.74624,2
1452,0.36402,27.60864,2
1453,0.37545,25.29162,1
1454,0.64957,26.03629,1
1455,0.38296,25.46794,0
1456,0.21792,27.10825,1
1457,0.52800,18.81573,0
1458,0.49251,25.99329,1
1459,0.79077,23.73568,0
1460,0.66730,18.76995,0
1461,0.18035,29.46982,2
1462,0.37391,29.01259,2
1463,0.03828,25.75403,2
1464,0.56951,22.40264,1
1465,0.68479,19.33197,0
1466,0.15910,23.38807,2
1467,0.21728,28.14793,1
1468,0.56114,25.87026,1
1469,0.04664,29.02079,0
1470,0.21361,28.64106,2
1471,0.40666,23.44634,1
1472,0.15610,26.17734,2
1473,0.65597,21.21923,0
1474,0.49281,22.48661,1
1475,0.67734,27.06902,1
1476,0.28862,29.83448,2
1477,0.47963,23.07578,0
1478,0.22461,28.99605,2
1479,0.37217,29.40030,2
1480,0.74391,26.53673,0
1481,0.94823,16.62111,0
1482,0.38020,24.03614,0
1483,0.59422,26.28194,1
1484,0.49636,23.56497,1
1485,0.76170,22.84018,0
1486,0.73574,22.95836,0
1487,0.21812,26.49836,2
1488,0.29055,23.93037,1
1489,0.76149,17.95729,0
1490,0.47453,24.04843,1
1491,0.20876,26.69901,0
1492,0.26405,31.46483,2
1493,0.50948,24.08689,0
1494,0.15489,23.84332,2
1495,0.81146,18.58220,0
1496,0.29758,29.23705,1
1497,0.84844,20.60647,1
1498,0.32008,28.88300,2
1499,0.42223,27.46810,1
1500,0.55839,26.42441,0
1501,0.63720,24.13042,0
1502,0.36240,28.42898,1
1503,0.77646,19.18087,0
1504,0.67987,17.87414,0
1505,0.87695,14.66553,0
1506,0.47934,29.43899,1
1507,0.69752,19.95912,1
1508,0.14434,27.91489,2
1509,0.60908,21.73650,0
1510,0.51290,23.51591,1
1511,0.46020,19.82328,1
1512,0.42122,27.34847,1
1513,0.48204,23.60916,1
1514,0.76371,24.45787,0
1515,0.46019,30.47709,1
1516,0.58971,23.33591,0
1517,0.45007,25.52179,1
1518,0.61712,27.82889,1
1519,0.64655,24.36103,0
1520,0.17233,26.70734,0
1521,0.60194,23.26821,0
1522,0.44898,25.53434,1
1523,0.67514,24.66994,0
1524,0.47815,24.50929,1
1525,0.05393,29.72162,2
1526,0.67416,25.26737,0
1527,0.40930,25.11261,1
1528,0.33428,25.99003,2
1529,0.51722,25.14703,1
1530,0.28341,27.95427,2
1531,0.33391,29.17725,1
1532,0.35231,25.91973,1
1533,0.60078,22.97383,1
1534,0.58467,26.45666,1
1535,0.41615,21.66111,1
1536,0.22036,25.05182,2
1537,0.38229,25.89531,1
1538,0.41349,24.93098,0
1539,0.71814,21.17861,0
1540,0.86989,19.48046,0
1541,0.21994,31.45192,0
1542,0.61408,26.88547,1
1543,0.29488,26.11481,1
1544,0.50184,25.06416,1
1545,0.64044,28.99139,1
1546,0.48132,24.98790,1
1547,0.48899,27.93059,0
1548,0.39669,26.54373,1
1549,0.49551,25.94755,2
1550,0.55099,26.84676,0
1551,0.81205,18.94302,0
1552,0.23942,26.04716,1
1553,0.65176,24.81965,1
1554,0.06974,29.20128,2
1555,0.20652,29.98664,2
1556,0.81416,19.94518,0
1557,0.85514,21.47206,0
1558,0.49903,20.50001,1
1559,0.78754,18.80206,0
1560,0.10946,30.13783,2
1561,0.72892,23.66218,1
1562,0.59795,28.78434,1
1563,0.67097,28.87632,0
1564,0.44425,28.07568,1
1565,0.33360,26.51039,1
1566,0.62271,21.84202,0
1567,0.49941,22.98442,1
1568,0.22732,28.05630,2
1569,0.62220,26.83957,0
1570,0.40498,25.39788,2
1571,0.52050,27.69546,0
1572,0.79390,20.97531,0
1573,0.78317,28.92293,0
1574,0.13922,29.02167,2
1575,0.46934,24.29701,1
1576,0.31937,27.56843,2
1577,0.65149,20.48803,0
1578,0.32266,25.82988,2
1579,0.52495,26.73294,0
1580,0.23104,30.54244,1
1581,0.47943,25.48563,0
1582,0.49862,26.10390,1
1583,0.39725,27.98541,1
1584,0.45339,28.85926,1
1585,0.26738,27.67112,1
1586,0.43497,25.38480,1
1587,0.19219,28.62173,1
1588,0.22314,29.09577,2
1589,0.27142,27.70266,2
1590,0.74045,20.52609,0
1591,0.53491,23.52545,1
1592,0.52935,24.18035,2
1593,0.47433,24.79651,1
1594,0.09226,29.72635,2
1595,0.16076,27.76940,2
1596,0.70805,20.87518,0
1597,0.54803,20.96172,1
1598,0.57417,20.66267,0
1599,0.83421,17.09289,0
1600,0.45026,22.67185,1
1601,0.07066,29.02259,2
1602,0.43011,26.36288,1
1603,0.43830,32.13032,1
1604,0.61833,25.26945,1
1605,0.53769,23.94555,0
1606,0.73189,24.22693,0
1607,0.32126,28.56158,1
1608,0.11609,33.61568,2
1609,0.13496,25.26324,2
1610,0.36741,26.26348,2
1611,0.39818,27.37436,1
1612,0.71545,21.44404,0
1613,0.19535,29.73245,2
1614,0.56948,22.82154,1
1615,0.56078,21.64610,0
1616,0.47511,26.53917,1
1617,0.82795,22.62225,0
1618,0.39315,29.42630,1
1619,0.53711,22.40744,0
1620,0.46506,22.80166,1
1621,0.14108,29.70609,1
1622,0.31177,28.33821,0
1623,0.37776,24.76188,0
1624,0.55849,23.35288,0
1625,0.08678,31.38680,2
1626,0.36360,29.01619,1
1627,0.75086,22.30552,1
1628,0.30541,28.17164,1
1629,0.33214,27.46522,1
1630,0.51714,20.00149,0
1631,0.39885,24.87253,1
1632,0.50618,22.39020,1
1633,0.42561,25.98883,1
1634,0.32681,24.66157,1
1635,0.33252,29.95514,2
1636,0.29576,24.26587,1
1637,0.24630,26.57467,1
1638,0.34598,24.38572,2
1639,0.27846,28.39456,0
1640,0.60454,22.40756,1
1641,0.64716,23.93474,0
1642,0.53954,22.41899,0
1643,0.26305,29.26968,2
1644,0.20154,28.32977,1
1645,0.09938,30.01762,2
1646,0.53564,26.47108,0
1647,0.36476,21.83642,1
1648,0.17484,25.69408,2
1649,0.27586,28.65302,2
1650,0.26202,27.25581,2
1651,0.70632,23.53835,0
1652,0.40959,31.11705,1
1653,0.52618,27.78005,1
1654,0.20637,24.76297,2
1655,0.81745,18.15573,0
1656,0.54262,25.69669,1
1657,0.62164,24.69109,1
1658,0.21738,30.22701,1
1659,0.22269,24.44313,2
1660,0.82095,18.31737,0
1661,0.53388,23.40022,1
1662,0.50907,24.09509,1
1663,0.35990,29.57055,2
1664,0.18066,27.77846,2
1665,0.35647,30.24421,1
1666,0.43648,26.56595,1
1667,0.41841,31.28387,1
1668,0.57252,26.06115,1
1669,0.17055,27.35433,2
1670,0.34872,28.19669,1
1671,0.46619,25.54418,1
1672,0.31438,23.37694,1
1673,0.39011,25.28935,1
1674,0.17087,27.85574,2
1675,0.15891,26.70411,1
1676,0.80462,17.62531,0
1677,0.65946,18.36405,0
1678,0.36954,26.34723,1
1679,0.26756,29.72379,1
1680,0.55327,23.22538,0
1681,0.47835,26.29812,1
1682,0.70843,19.60362,0
1683,0.26087,24.28911,2
1684,0.44359,27.47561,1
1685,0.58492,20.16140,0
1686,0.49802,23.59130,1
1687,0.51437,25.62403,1
1688,0.14144,26.04734,1
1689,0.75531,23.37509,0
1690,0.56567,24.67950,2
1691,0.26945,25.96362,2
1692,0.61716,27.52459,0
1693,0.40808,28.33910,0
1694,0.43294,26.47022,1
1695,0.30948,26.34894,2
1696,0.49714,23.78103,1
1697,0.23647,25.19607,2
1698,0.62647,25.18542,0
1699,0.54732,24.86309,0
1700,0.20046,29.33186,2
1701,0.38193,28.75496,1
1702,0.18825,27.51763,0
1703,0.29619,26.86790,2
1704,0.42926,21.92886,0
1705,0.16635,25.62799,2
1706,0.23891,24.04411,1
1707,0.16974,25.34365,2
1708,0.62129,23.99667,1
1709,0.10323,29.31820,2
1710,0.22650,27.85787,2
1711,0.47266,21.02098,1
1712,0.15650,28.00472,2
1713,0.41706,24.18169,1
1714,0.39669,24.22649,1
1715,0.17440,32.59432,2
1716,0.17835,27.01356,2
1717,0.40800,26.92239,1
1718,0.45574,28.15596,1
1719,0.63460,25.79758,1
1720,0.32837,27.56873,1
1721,0.58625,22.45075,0
1722,0.50697,24.87402,1
1723,0.34654,28.22554,2
1724,0.30610,26.22118,2
1725,0.23548,27.28702,2
1726,0.26243,29.29767,2
1727,0.58274,24.65309,2
1728,0.24691,32.58721,2
1729,0.54892,22.43215,1
1730,0.34765,27.82928,2
1731,0.54785,26.83670,2
1732,0.16016,32.57174,2
1733,0.33602,27.49176,2
1734,0.34784,25.41681,2
1735,0.51621,26.87676,1
1736,0.49887,24.00371,0
1737,0.38770,27.07344,1
1738,0.35060,29.43307,1
1739,0.33433,28.31174,1
1740,0.13386,29.48873,2
1741,0.40437,23.98608,2
1742,0.25057,28.62438,2
1743,0.42871,25.77203,1
1744,0.70572,25.85040,0
1745,0.38868,26.60042,1
1746,0.78480,22.88228,0
1747,0.44467,22.12229,1
1748,0.04250,31.05930,1
1749,0.79568,22.61024,0
1750,0.28410,25.56875,1
1751,0.20190,23.70950,2
1752,0.45528,26.86714,1
1753,0.55856,25.49001,1
1754,0.24600,28.97527,2
1755,0.32789,27.36446,2
1756,0.17980,33.08692,2
1757,0.19467,28.46054,1
1758,0.23414,29.39119,2
1759,0.45814,27.50127,1
1760,0.41033,26.05855,0
1761,0.56269,19.67685,0
1762,0.58240,21.40344,0
1763,0.35085,24.88250,2
1764,0.17615,29.18733,2
1765,0.30453,25.14180,2
1766,0.42090,24.24940,1
1767,0.07830,26.00482,2
1768,0.07370,27.02403,2
1769,0.22460,28.83899,2
1770,0.77887,24.06349,0
1771,0.35456,25.65456,2
1772,0.28883,26.23695,2
1773,0.45707,26.17650,0
1774,0.15602,27.49645,2
1775,0.43780,22.41350,1
1776,0.38594,23.22911,1
1777,0.24906,24.95266,2
1778,0.40365,28.23335,1
1779,0.43160,30.05001,1
1780,0.75544,25.86179,0
1781,0.46556,22.08775,0
1782,0.32475,26.40804,2
1783,0.25645,24.44014,0
1784,0.30434,27.51927,1
1785,0.44403,26.77748,1
1786,0.38798,30.69185,1
1787,0.69299,23.50219,0
1788,0.63495,19.82515,1
1789,0.27425,27.56245,1
1790,0.12530,25.61638,2
1791,0.13379,33.05158,2
1792,0.50820,20.92380,0
1793,0.40340,24.22429,1
1794,0.26991,29.86722,2
1795,0.20255,25.11715,2
1796,0.71701,25.14949,1
1797,0.16338,28.16531,2
1798,0.26443,26.66068,1
1799,0.31131,22.15079,1
1800,0.48584,24.92582,1
